{"cameraMode":{"drawMode":0,"name":"Shaded","section":"Shading Mode"},"sceneLighting":true,"audioPlay":false,"sceneViewState":{"m_AlwaysRefresh":false,"showFog":true,"showSkybox":true,"showFlares":true,"showImageEffects":true,"showParticleSystems":true,"showVisualEffectGraphs":true,"m_FxEnabled":true},"in2DMode":false,"pivot":{"x":-154.63290405273438,"y":1.9395883083343506,"z":-155.78057861328126},"rotation":{"x":0.15813910961151124,"y":0.7518718242645264,"z":-0.19503867626190186,"w":0.6096324920654297},"size":4.068521499633789,"orthographic":false}