{"cameraMode":{"drawMode":0,"name":"Shaded","section":"Shading Mode"},"sceneLighting":true,"audioPlay":false,"sceneViewState":{"m_AlwaysRefresh":false,"showFog":true,"showSkybox":true,"showFlares":true,"showImageEffects":true,"showParticleSystems":true,"showVisualEffectGraphs":true,"m_FxEnabled":true},"in2DMode":false,"pivot":{"x":-138.5399932861328,"y":2.0337724685668947,"z":-158.07627868652345},"rotation":{"x":0.012703833170235157,"y":0.7585519552230835,"z":-0.014793173409998417,"w":0.6513332724571228},"size":8.631189346313477,"orthographic":false}