{"cameraMode":{"drawMode":0,"name":"Shaded","section":"Shading Mode"},"sceneLighting":true,"audioPlay":false,"sceneViewState":{"m_AlwaysRefresh":false,"showFog":true,"showSkybox":true,"showFlares":true,"showImageEffects":true,"showParticleSystems":true,"showVisualEffectGraphs":true,"m_FxEnabled":true},"in2DMode":false,"pivot":{"x":-148.99459838867188,"y":0.5728719234466553,"z":-155.96238708496095},"rotation":{"x":0.08131289482116699,"y":0.7431774139404297,"z":-0.09187640994787216,"w":0.6577575206756592},"size":3.926689386367798,"orthographic":false}